Datetime,Water Level (m)
2026-01-03 12:00:00,-0.19268101
2026-01-03 13:00:00,-0.6172143
2026-01-03 14:00:00,-1.0406234
2026-01-03 15:00:00,-1.3905771
2026-01-03 16:00:00,-1.3209093
2026-01-03 17:00:00,-0.71531457
2026-01-03 18:00:00,0.045470443
2026-01-03 19:00:00,0.76981115
2026-01-03 20:00:00,1.2958353
2026-01-03 21:00:00,1.5537165
2026-01-03 22:00:00,1.4219818
2026-01-03 23:00:00,0.9964947
2026-01-04 00:00:00,0.50081825
2026-01-04 01:00:00,-0.003190487
2026-01-04 02:00:00,-0.50227815
2026-01-04 03:00:00,-0.96202344
2026-01-04 04:00:00,-1.347492
2026-01-04 05:00:00,-1.2227796
2026-01-04 06:00:00,-0.63019323
2026-01-04 07:00:00,0.04419475
2026-01-04 08:00:00,0.6110931
2026-01-04 09:00:00,0.9619722
2026-01-04 10:00:00,1.001362
2026-01-04 11:00:00,0.69375
2026-01-04 12:00:00,0.25860992
2026-01-04 13:00:00,-0.18896767
2026-01-04 14:00:00,-0.6450496
2026-01-04 15:00:00,-1.0919217
2026-01-04 16:00:00,-1.4455146
2026-01-04 17:00:00,-1.2197185
2026-01-04 18:00:00,-0.51406485
2026-01-04 19:00:00,0.25158635
2026-01-04 20:00:00,0.9474412
2026-01-04 21:00:00,1.4089258
2026-01-04 22:00:00,1.5529522
2026-01-04 23:00:00,1.279108
2026-01-05 00:00:00,0.8156666
2026-01-05 01:00:00,0.31000224
2026-01-05 02:00:00,-0.19040293
2026-01-05 03:00:00,-0.68175405
2026-01-05 04:00:00,-1.1408571
2026-01-05 05:00:00,-1.4672484
2026-01-05 06:00:00,-1.160978
2026-01-05 07:00:00,-0.48817894
2026-01-05 08:00:00,0.17833564
2026-01-05 09:00:00,0.7165555
2026-01-05 10:00:00,1.0049428
2026-01-05 11:00:00,0.95609534
2026-01-05 12:00:00,0.59858197
2026-01-05 13:00:00,0.15684943
2026-01-05 14:00:00,-0.29479903
2026-01-05 15:00:00,-0.7439052
2026-01-05 16:00:00,-1.1805702
2026-01-05 17:00:00,-1.4589473
2026-01-05 18:00:00,-1.061145
2026-01-05 19:00:00,-0.33864826
2026-01-05 20:00:00,0.42609155
2026-01-05 21:00:00,1.0557858
2026-01-05 22:00:00,1.4371128
2026-01-05 23:00:00,1.46719
2026-01-06 00:00:00,1.1114923
2026-01-06 01:00:00,0.6350733
2026-01-06 02:00:00,0.13185062
2026-01-06 03:00:00,-0.36423093
2026-01-06 04:00:00,-0.83220303
2026-01-06 05:00:00,-1.2728813
2026-01-06 06:00:00,-1.4307054
2026-01-06 07:00:00,-0.9369922
2026-01-06 08:00:00,-0.2652204
2026-01-06 09:00:00,0.38792786
2026-01-06 10:00:00,0.8558734
2026-01-06 11:00:00,1.0642139
2026-01-06 12:00:00,0.9137806
2026-01-06 13:00:00,0.51866263
2026-01-06 14:00:00,0.07577391
2026-01-06 15:00:00,-0.38226166
2026-01-06 16:00:00,-0.8203382
2026-01-06 17:00:00,-1.2387826
2026-01-06 18:00:00,-1.3967252
2026-01-06 19:00:00,-0.86382717
2026-01-06 20:00:00,-0.13925558
2026-01-06 21:00:00,0.5767704
2026-01-06 22:00:00,1.1123909
2026-01-06 23:00:00,1.3877776
2026-01-07 00:00:00,1.2819756
2026-01-07 01:00:00,0.87828773
2026-01-07 02:00:00,0.4009711
2026-01-07 03:00:00,-0.08560555
2026-01-07 04:00:00,-0.57284695
2026-01-07 05:00:00,-1.0251322
2026-01-07 06:00:00,-1.3993194
2026-01-07 07:00:00,-1.3275242
2026-01-07 08:00:00,-0.7558255
2026-01-07 09:00:00,-0.081589974
2026-01-07 10:00:00,0.5145201
2026-01-07 11:00:00,0.9105368
2026-01-07 12:00:00,1.0301924
2026-01-07 13:00:00,0.7997735
2026-01-07 14:00:00,0.3885673
2026-01-07 15:00:00,-0.046223268
2026-01-07 16:00:00,-0.50080866
2026-01-07 17:00:00,-0.923171
2026-01-07 18:00:00,-1.2992074
2026-01-07 19:00:00,-1.2408406
2026-01-07 20:00:00,-0.66263694
2026-01-07 21:00:00,0.03620006
2026-01-07 22:00:00,0.6619561
2026-01-07 23:00:00,1.0912122
2026-01-08 00:00:00,1.2446599
2026-01-08 01:00:00,1.0246559
2026-01-08 02:00:00,0.6030801
2026-01-08 03:00:00,0.1383059
2026-01-08 04:00:00,-0.3296908
2026-01-08 05:00:00,-0.7812205
2026-01-08 06:00:00,-1.213048
2026-01-08 07:00:00,-1.4531015
2026-01-08 08:00:00,-1.1207879
2026-01-08 09:00:00,-0.50411487
2026-01-08 10:00:00,0.111259796
2026-01-08 11:00:00,0.62921
2026-01-08 12:00:00,0.94582134
2026-01-08 13:00:00,0.9707745
2026-01-08 14:00:00,0.6835397
2026-01-08 15:00:00,0.2720423
2026-01-08 16:00:00,-0.1527626
2026-01-08 17:00:00,-0.59071916
2026-01-08 18:00:00,-0.9881556
2026-01-08 19:00:00,-1.2740948
2026-01-08 20:00:00,-1.018743
2026-01-08 21:00:00,-0.43437946
2026-01-08 22:00:00,0.19294246
2026-01-08 23:00:00,0.71059704
2026-01-09 00:00:00,1.0306373
2026-01-09 01:00:00,1.0592556
2026-01-09 02:00:00,0.76811415
2026-01-09 03:00:00,0.3470965
2026-01-09 04:00:00,-0.08874672
2026-01-09 05:00:00,-0.5386756
2026-01-09 06:00:00,-0.9537955
2026-01-09 07:00:00,-1.3210037
2026-01-09 08:00:00,-1.3722522
2026-01-09 09:00:00,-0.9273561
2026-01-09 10:00:00,-0.33504307
2026-01-09 11:00:00,0.24674727
2026-01-09 12:00:00,0.6968267
